state	expected_discomfort
exposed-1	10.239999999996027
exposed-2	12.799999999995979
exposed-3	15.99999999999593
recovered	0.0
symptoms-1	19.999999999995882
symptoms-2	14.999999999999805
symptoms-3	4.9999999999999964
