state	speed_discomfort	minimize_discomfort
exposed-1	0.8333333333325891	10.239999999996027
exposed-2	1.6666666666656036	12.799999999995979
exposed-3	3.333333333331815	15.99999999999593
recovered	0.0	0.0
symptoms-1	6.666666666664499	19.999999999995882
symptoms-2	4.9999999999999005	14.999999999999805
symptoms-3	1.666666666666664	4.9999999999999964
